# year,month,oceanic_fraction,continental_fraction,land_fraction,forest_fraction
1.979000000000000000e+03,1.000000000000000000e+00,9.058626856557419060e-01,9.413731434425809397e-02,3.293938378931302036e-02,6.119793055494507361e-02
1.979000000000000000e+03,2.000000000000000000e+00,9.312131377558171552e-01,6.878686224418283091e-02,3.424783718865309634e-02,3.453902505552973456e-02
1.979000000000000000e+03,3.000000000000000000e+00,9.036043942252112160e-01,9.639560577478875625e-02,3.674119734984363644e-02,5.965440842494511980e-02
1.979000000000000000e+03,4.000000000000000000e+00,7.221119527074697508e-01,2.778880472925301937e-01,3.348570374478837541e-02,2.444023435477418182e-01
1.979000000000000000e+03,5.000000000000000000e+00,6.928317486086763566e-01,3.071682513913236989e-01,4.472191155624066772e-02,2.624463398350830312e-01
1.979000000000000000e+03,6.000000000000000000e+00,3.494894703302560135e-01,6.505105296697439865e-01,2.865937636607535088e-01,3.639167660089904777e-01
1.979000000000000000e+03,7.000000000000000000e+00,5.154330246155235384e-01,4.845669753844764616e-01,1.452830658970672428e-01,3.392839094874092187e-01
1.979000000000000000e+03,8.000000000000000000e+00,5.298627655088083976e-01,4.701372344911916024e-01,1.368823534625260852e-01,3.332548810286655172e-01
1.979000000000000000e+03,9.000000000000000000e+00,5.974624085997204403e-01,4.025375914002795597e-01,6.887817051547223679e-02,3.336594208848073229e-01
1.979000000000000000e+03,1.000000000000000000e+01,4.272353664296619780e-01,5.727646335703380220e-01,7.719140383262595995e-02,4.955732297377120621e-01
1.979000000000000000e+03,1.100000000000000000e+01,8.338444870601501302e-01,1.661555129398498420e-01,5.126188964096617395e-02,1.148936232988836681e-01
1.979000000000000000e+03,1.200000000000000000e+01,9.056917108228939028e-01,9.430828917710613879e-02,4.635144928920611335e-02,4.795683988790002544e-02
1.980000000000000000e+03,1.000000000000000000e+00,9.335306970960172146e-01,6.646930290398278540e-02,3.761803292059420767e-02,2.885126998338857426e-02
1.980000000000000000e+03,2.000000000000000000e+00,9.478090023595648894e-01,5.219099764043508977e-02,3.003301530529297811e-02,2.215798233514211166e-02
1.980000000000000000e+03,3.000000000000000000e+00,9.231935080360420542e-01,7.680649196395791800e-02,3.290519957494108388e-02,4.390129238901683412e-02
1.980000000000000000e+03,4.000000000000000000e+00,8.050231898233304317e-01,1.949768101766695405e-01,3.202625943609010983e-02,1.629505507405794307e-01
1.980000000000000000e+03,5.000000000000000000e+00,6.391809568484276838e-01,3.608190431515723717e-01,7.373087028774610863e-02,2.870881728638262631e-01
1.980000000000000000e+03,6.000000000000000000e+00,4.735902769811375368e-01,5.264097230188624632e-01,1.275095548239797427e-01,3.989001681948827205e-01
1.980000000000000000e+03,7.000000000000000000e+00,4.358206509163041753e-01,5.641793490836958247e-01,1.652754672899914845e-01,3.989038817937043402e-01
1.980000000000000000e+03,8.000000000000000000e+00,4.683688265379116755e-01,5.316311734620883245e-01,1.008368103705242769e-01,4.307943630915640476e-01
1.980000000000000000e+03,9.000000000000000000e+00,5.314033602450172200e-01,4.685966397549827245e-01,6.697863415373017659e-02,4.016180056012525479e-01
1.980000000000000000e+03,1.000000000000000000e+01,7.281510995165787481e-01,2.718489004834212519e-01,3.547834987472459067e-02,2.363705506086966612e-01
1.980000000000000000e+03,1.100000000000000000e+01,9.113948026417384440e-01,8.860519735826152821e-02,3.660184352136674341e-02,5.200335383689478480e-02
1.980000000000000000e+03,1.200000000000000000e+01,9.226799492933083213e-01,7.732005070669167868e-02,3.426921911496944723e-02,4.305083159172223145e-02
1.981000000000000000e+03,1.000000000000000000e+00,9.165021563022678341e-01,8.349784369773213810e-02,6.474665574421907543e-02,1.875118795351306267e-02
1.981000000000000000e+03,2.000000000000000000e+00,9.281226253220943301e-01,7.187737467790564216e-02,2.669166437242963957e-02,4.518571030547600259e-02
1.981000000000000000e+03,3.000000000000000000e+00,9.163718346984174312e-01,8.362816530158255490e-02,4.660353367346191378e-02,3.702463162812064112e-02
1.981000000000000000e+03,4.000000000000000000e+00,8.395195263377105421e-01,1.604804736622894301e-01,3.944403538223788253e-02,1.210364382800515476e-01
1.981000000000000000e+03,5.000000000000000000e+00,5.002410584351663081e-01,4.997589415648336919e-01,7.756887097656944841e-02,4.221900705882642435e-01
1.981000000000000000e+03,6.000000000000000000e+00,6.026678925053798874e-01,3.973321074946200571e-01,1.182948256921724228e-01,2.790372818024476342e-01
1.981000000000000000e+03,7.000000000000000000e+00,3.061605871610985075e-01,6.938394128389014925e-01,3.075270633459123992e-01,3.863123494929890933e-01
1.981000000000000000e+03,8.000000000000000000e+00,3.479146614411527949e-01,6.520853385588472051e-01,1.522492074016094099e-01,4.998361311572377952e-01
1.981000000000000000e+03,9.000000000000000000e+00,4.266388388837355494e-01,5.733611611162644506e-01,1.218673487145035539e-01,4.514938124017608967e-01
1.981000000000000000e+03,1.000000000000000000e+01,8.098439397033765363e-01,1.901560602966234914e-01,3.054732656363348675e-02,1.596087337329900047e-01
1.981000000000000000e+03,1.100000000000000000e+01,8.503108900711543461e-01,1.496891099288456817e-01,4.305112747181234767e-02,1.066379824570333340e-01
1.981000000000000000e+03,1.200000000000000000e+01,9.161230146014179843e-01,8.387698539858197411e-02,3.032209664438860475e-02,5.355488875419336936e-02
1.982000000000000000e+03,1.000000000000000000e+00,9.508330816335809343e-01,4.916691836641903790e-02,2.907617542017685436e-02,2.009074294624218354e-02
1.982000000000000000e+03,2.000000000000000000e+00,9.519918044818622693e-01,4.800819551813774455e-02,3.244478510162080581e-02,1.556341041651694047e-02
1.982000000000000000e+03,3.000000000000000000e+00,9.393212960603355421e-01,6.067870393966443010e-02,3.602440791591173669e-02,2.465429602375269341e-02
1.982000000000000000e+03,4.000000000000000000e+00,8.135401526059102828e-01,1.864598473940897172e-01,4.278747830023141296e-02,1.436723690938583042e-01
1.982000000000000000e+03,5.000000000000000000e+00,6.552110413222860252e-01,3.447889586777139193e-01,9.339431314252061300e-02,2.513946455351933063e-01
1.982000000000000000e+03,6.000000000000000000e+00,6.635925731691325602e-01,3.364074268308674398e-01,1.071068715701592455e-01,2.293005552607081943e-01
1.982000000000000000e+03,7.000000000000000000e+00,6.740521734909032947e-01,3.259478265090967608e-01,7.072336127910899828e-02,2.552244652299877625e-01
1.982000000000000000e+03,8.000000000000000000e+00,5.222697187218047210e-01,4.777302812781952790e-01,8.867324654443370369e-02,3.890570347337615753e-01
1.982000000000000000e+03,9.000000000000000000e+00,6.388411049839708422e-01,3.611588950160291578e-01,2.860180413120294585e-02,3.325570908848262119e-01
1.982000000000000000e+03,1.000000000000000000e+01,8.324095925545088592e-01,1.675904074454911408e-01,3.065999371923033845e-02,1.369304137262608023e-01
1.982000000000000000e+03,1.100000000000000000e+01,8.905678873437539167e-01,1.094321126562461249e-01,3.572323499408502911e-02,7.370887766216109582e-02
1.982000000000000000e+03,1.200000000000000000e+01,9.321073700062862954e-01,6.789262999371374618e-02,2.742899204459919860e-02,4.046363794911454759e-02
1.983000000000000000e+03,1.000000000000000000e+00,9.314837161763138695e-01,6.851628382368618597e-02,3.057976067083642557e-02,3.793652315284976040e-02
1.983000000000000000e+03,2.000000000000000000e+00,8.823094143869033568e-01,1.176905856130966155e-01,5.201733726502795474e-02,6.567324834806866074e-02
1.983000000000000000e+03,3.000000000000000000e+00,8.081791844469421449e-01,1.918208155530579107e-01,8.182647030522838261e-02,1.099943452478295280e-01
1.983000000000000000e+03,4.000000000000000000e+00,8.508842676958471296e-01,1.491157323041528704e-01,3.782946332721773275e-02,1.112862689769351376e-01
1.983000000000000000e+03,5.000000000000000000e+00,8.297810168221315674e-01,1.702189831778684603e-01,2.593713042988535222e-02,1.442818527479831081e-01
1.983000000000000000e+03,6.000000000000000000e+00,6.475018449252022412e-01,3.524981550747977588e-01,8.405603985765669472e-02,2.684421152171410641e-01
1.983000000000000000e+03,7.000000000000000000e+00,8.013690639155017781e-01,1.986309360844982497e-01,2.333037652428998632e-02,1.753005595602082634e-01
1.983000000000000000e+03,8.000000000000000000e+00,5.205144754543759023e-01,4.794855245456240977e-01,1.229526602873594610e-01,3.565328642582646368e-01
1.983000000000000000e+03,9.000000000000000000e+00,7.776272370682348889e-01,2.223727629317651389e-01,3.215581236904219153e-02,1.902169505627229473e-01
1.983000000000000000e+03,1.000000000000000000e+01,7.386930548923495987e-01,2.613069451076504013e-01,2.047101944878670921e-02,2.408359256588636921e-01
1.983000000000000000e+03,1.100000000000000000e+01,8.466881081445875035e-01,1.533118918554124688e-01,3.554267982918725421e-02,1.177692120262252146e-01
1.983000000000000000e+03,1.200000000000000000e+01,9.322372192367260890e-01,6.776278076327392486e-02,3.877179895152971928e-02,2.899098181174420558e-02
1.984000000000000000e+03,1.000000000000000000e+00,9.504018586072862096e-01,4.959814139271381817e-02,3.525041008823626837e-02,1.434773130447754806e-02
1.984000000000000000e+03,2.000000000000000000e+00,9.342513803407895834e-01,6.574861965921040274e-02,2.811149887209226511e-02,3.763712078711813763e-02
1.984000000000000000e+03,3.000000000000000000e+00,9.246153790905050629e-01,7.538462090949489547e-02,4.731841100521445853e-02,2.806620990428043347e-02
1.984000000000000000e+03,4.000000000000000000e+00,7.095673139668241536e-01,2.904326860331758464e-01,7.452364699498956191e-02,2.159090390381862845e-01
1.984000000000000000e+03,5.000000000000000000e+00,9.042189511456597550e-01,9.578104885434025884e-02,4.189481421442652065e-02,5.388623463991373819e-02
1.984000000000000000e+03,6.000000000000000000e+00,6.621795739737663666e-01,3.378204260262336889e-01,5.880619222247107647e-02,2.790142338037626124e-01
1.984000000000000000e+03,7.000000000000000000e+00,5.724809692721709586e-01,4.275190307278290414e-01,1.281634043107844900e-01,2.993556264170445513e-01
1.984000000000000000e+03,8.000000000000000000e+00,4.445453790655785609e-01,5.554546209344214391e-01,1.610098681748359239e-01,3.944447527595855152e-01
1.984000000000000000e+03,9.000000000000000000e+00,4.562280202323542033e-01,5.437719797676457967e-01,1.857110902124069485e-01,3.580608895552388482e-01
1.984000000000000000e+03,1.000000000000000000e+01,7.949419474587136047e-01,2.050580525412864508e-01,3.385755055895864341e-02,1.712005019823278074e-01
1.984000000000000000e+03,1.100000000000000000e+01,7.576043607061947460e-01,2.423956392938052540e-01,7.242206046053120683e-02,1.699735788332740472e-01
1.984000000000000000e+03,1.200000000000000000e+01,9.450050671527726598e-01,5.499493284722736797e-02,2.601698934608899852e-02,2.897794350113836945e-02
1.985000000000000000e+03,1.000000000000000000e+00,9.516014059219886079e-01,4.839859407801133662e-02,3.607646924466897942e-02,1.232212483334235893e-02
1.985000000000000000e+03,2.000000000000000000e+00,9.552231293046650196e-01,4.477687069533502207e-02,2.571962239099936931e-02,1.905724830433565276e-02
1.985000000000000000e+03,3.000000000000000000e+00,9.436399979838194785e-01,5.636000201618054928e-02,3.627820444092937080e-02,2.008179757525117501e-02
1.985000000000000000e+03,4.000000000000000000e+00,8.208238230665951818e-01,1.791761769334048460e-01,5.464577863609632047e-02,1.245303982973085255e-01
1.985000000000000000e+03,5.000000000000000000e+00,7.090792733082986743e-01,2.909207266917013257e-01,4.201797863399689414e-02,2.489027480577044316e-01
1.985000000000000000e+03,6.000000000000000000e+00,4.517693159535469682e-01,5.482306840464530318e-01,2.148438536149796518e-01,3.333868304314733799e-01
1.985000000000000000e+03,7.000000000000000000e+00,4.728582134392907976e-01,5.271417865607092024e-01,1.927801444439115053e-01,3.343616421167976971e-01
1.985000000000000000e+03,8.000000000000000000e+00,3.545143044512942820e-01,6.454856955487057180e-01,1.762629748858897116e-01,4.692227206628160063e-01
1.985000000000000000e+03,9.000000000000000000e+00,4.819210195764243032e-01,5.180789804235756968e-01,5.649152838081367145e-02,4.615874520427620253e-01
1.985000000000000000e+03,1.000000000000000000e+01,8.185369574732954678e-01,1.814630425267045599e-01,3.994029924433473155e-02,1.415227432823698284e-01
1.985000000000000000e+03,1.100000000000000000e+01,6.940087593319360648e-01,3.059912406680639352e-01,7.024277125238756470e-02,2.357484694156763705e-01
1.985000000000000000e+03,1.200000000000000000e+01,9.615609270821390275e-01,3.843907291786102104e-02,2.779706123050949829e-02,1.064201168735152102e-02
1.986000000000000000e+03,1.000000000000000000e+00,9.378126502640452555e-01,6.218734973595477916e-02,2.675391803904452609e-02,3.543343169691025307e-02
1.986000000000000000e+03,2.000000000000000000e+00,9.348368482804424451e-01,6.516315171955755492e-02,4.678952162111520152e-02,1.837363009844234993e-02
1.986000000000000000e+03,3.000000000000000000e+00,9.466432169446943323e-01,5.335678305530566073e-02,3.280519380024582432e-02,2.055158925505983641e-02
1.986000000000000000e+03,4.000000000000000000e+00,7.967710365264620842e-01,2.032289634735379158e-01,4.246525960386135501e-02,1.607637038696765608e-01
1.986000000000000000e+03,5.000000000000000000e+00,7.371685553109541544e-01,2.628314446890458456e-01,2.659743522416890826e-02,2.362340094648769373e-01
1.986000000000000000e+03,6.000000000000000000e+00,5.038226195657831141e-01,4.961773804342169414e-01,1.426903485832051732e-01,3.534870318510117682e-01
1.986000000000000000e+03,7.000000000000000000e+00,3.823276559010609921e-01,6.176723440989390079e-01,2.475594728295978375e-01,3.701128712693411704e-01
1.986000000000000000e+03,8.000000000000000000e+00,7.769534688147452517e-01,2.230465311852547761e-01,3.566752148177421144e-02,1.873790097034805646e-01
1.986000000000000000e+03,9.000000000000000000e+00,4.074765836885508863e-01,5.925234163114491137e-01,1.447778659116843447e-01,4.477455503997647690e-01
1.986000000000000000e+03,1.000000000000000000e+01,7.518484631506854310e-01,2.481515368493145135e-01,3.336309927888694848e-02,2.147884375704275650e-01
1.986000000000000000e+03,1.100000000000000000e+01,9.046698286979710790e-01,9.533017130202894873e-02,3.208734889033587612e-02,6.324282241169307262e-02
1.986000000000000000e+03,1.200000000000000000e+01,9.481302328010893232e-01,5.186976719891069065e-02,2.852549542840524671e-02,2.334427177050544394e-02
1.987000000000000000e+03,1.000000000000000000e+00,9.291517657529840823e-01,7.084823424701588990e-02,2.612416461745913770e-02,4.472406962955675219e-02
1.987000000000000000e+03,2.000000000000000000e+00,8.695097539319698310e-01,1.304902460680301690e-01,3.009136215233640388e-02,1.003988839156937651e-01
1.987000000000000000e+03,3.000000000000000000e+00,7.406596906868940788e-01,2.593403093131059212e-01,7.811396907939843759e-02,1.812263402337074836e-01
1.987000000000000000e+03,4.000000000000000000e+00,8.195597101143662355e-01,1.804402898856337922e-01,3.674073626954438287e-02,1.436995536160894094e-01
1.987000000000000000e+03,5.000000000000000000e+00,6.789141252237911317e-01,3.210858747762088128e-01,8.228048227322057318e-02,2.388053925029882396e-01
1.987000000000000000e+03,6.000000000000000000e+00,5.054204509186579486e-01,4.945795490813419959e-01,1.396660173696599450e-01,3.549135317116820509e-01
1.987000000000000000e+03,7.000000000000000000e+00,5.315922473463363662e-01,4.684077526536636338e-01,1.297529943184519974e-01,3.386547583352116364e-01
1.987000000000000000e+03,8.000000000000000000e+00,4.806144983143734173e-01,5.193855016856265827e-01,1.262568633118253403e-01,3.931286383738012424e-01
1.987000000000000000e+03,9.000000000000000000e+00,4.960560961266260449e-01,5.039439038733739551e-01,7.851109086281360394e-02,4.254328130105603512e-01
1.987000000000000000e+03,1.000000000000000000e+01,5.579323596389225148e-01,4.420676403610775407e-01,2.850052849118500653e-02,4.135671118698925341e-01
1.987000000000000000e+03,1.100000000000000000e+01,8.540285221959189599e-01,1.459714778040810401e-01,5.380543073992447023e-02,9.216604706415656989e-02
1.987000000000000000e+03,1.200000000000000000e+01,9.327729455065065789e-01,6.722705449349343498e-02,3.039460099480805616e-02,3.683245349868537882e-02
1.988000000000000000e+03,1.000000000000000000e+00,9.537646362658891430e-01,4.623536373411082923e-02,2.448143654840053210e-02,2.175392718571029713e-02
1.988000000000000000e+03,2.000000000000000000e+00,9.655074793445950210e-01,3.449252065540493739e-02,2.370119843628389761e-02,1.079132221912103978e-02
1.988000000000000000e+03,3.000000000000000000e+00,9.428714073942514595e-01,5.712859260574851966e-02,3.721860745715868668e-02,1.990998514858983298e-02
1.988000000000000000e+03,4.000000000000000000e+00,8.164201356351628025e-01,1.835798643648372530e-01,5.132209105478205413e-02,1.322577733100551989e-01
1.988000000000000000e+03,5.000000000000000000e+00,6.768753018577531311e-01,3.231246981422469244e-01,2.296397162397290082e-02,3.001607265182740236e-01
1.988000000000000000e+03,6.000000000000000000e+00,5.178655930948414809e-01,4.821344069051585746e-01,1.391129850635871024e-01,3.430214218415714722e-01
1.988000000000000000e+03,7.000000000000000000e+00,3.332105970161056696e-01,6.667894029838943304e-01,2.692096229289744902e-01,3.975797800549198402e-01
1.988000000000000000e+03,8.000000000000000000e+00,1.480748828131486228e-01,8.519251171868513772e-01,3.075950623223597802e-01,5.443300548644915970e-01
1.988000000000000000e+03,9.000000000000000000e+00,3.854802393223176749e-01,6.145197606776823251e-01,1.148200852986426268e-01,4.996996753790396983e-01
1.988000000000000000e+03,1.000000000000000000e+01,7.425839344597141567e-01,2.574160655402858433e-01,5.956692859035905840e-02,1.978491369499267849e-01
1.988000000000000000e+03,1.100000000000000000e+01,8.744949306234652830e-01,1.255050693765347170e-01,3.951095428250393782e-02,8.599411509403077913e-02
1.988000000000000000e+03,1.200000000000000000e+01,9.530458605510850889e-01,4.695413944891492497e-02,3.362783697584886822e-02,1.332630247306605675e-02
1.989000000000000000e+03,1.000000000000000000e+00,9.478416979506366635e-01,5.215830204936332953e-02,2.774571729087861247e-02,2.441258475848471707e-02
1.989000000000000000e+03,2.000000000000000000e+00,9.485841791442980453e-01,5.141582085570199634e-02,2.797169229107880281e-02,2.344412856462319353e-02
1.989000000000000000e+03,3.000000000000000000e+00,9.567828432842097053e-01,4.321715671579032247e-02,3.327371642190112000e-02,9.943440293889205944e-03
1.989000000000000000e+03,4.000000000000000000e+00,8.961395483176897159e-01,1.038604516823102286e-01,3.637596155929262443e-02,6.748449012301760419e-02
1.989000000000000000e+03,5.000000000000000000e+00,6.073759321374746500e-01,3.926240678625253500e-01,7.013356338209408847e-02,3.224905044804312615e-01
1.989000000000000000e+03,6.000000000000000000e+00,8.174193907330649100e-01,1.825806092669351455e-01,2.454579185037286670e-02,1.580348174165622788e-01
1.989000000000000000e+03,7.000000000000000000e+00,4.990775383329467685e-01,5.009224616670532315e-01,1.981077877504994755e-01,3.028146739165537560e-01
1.989000000000000000e+03,8.000000000000000000e+00,4.647099960085440129e-01,5.352900039914559871e-01,1.399040253233995168e-01,3.953859786680564703e-01
1.989000000000000000e+03,9.000000000000000000e+00,4.315619658160293470e-01,5.684380341839706530e-01,1.183637534183375473e-01,4.500742807656331057e-01
1.989000000000000000e+03,1.000000000000000000e+01,7.777776483204780211e-01,2.222223516795219789e-01,4.127398773053136960e-02,1.809483639489906093e-01
1.989000000000000000e+03,1.100000000000000000e+01,9.196556089997185435e-01,8.034439100028145653e-02,3.204597333861994995e-02,4.829841766166150657e-02
1.989000000000000000e+03,1.200000000000000000e+01,9.436519536372318662e-01,5.634804636276812689e-02,3.619233754093877098e-02,2.015570882182935591e-02
1.990000000000000000e+03,1.000000000000000000e+00,9.566838332491046648e-01,4.331616675089538376e-02,2.487106211621578286e-02,1.844510463467960090e-02
1.990000000000000000e+03,2.000000000000000000e+00,9.629096422735837768e-01,3.709035772641618850e-02,3.362819382949576441e-02,3.462163896920427125e-03
1.990000000000000000e+03,3.000000000000000000e+00,9.526214828398175127e-01,4.737851716018251502e-02,3.055285058173469112e-02,1.682566657844782390e-02
1.990000000000000000e+03,4.000000000000000000e+00,9.111192466624650210e-01,8.888075333753493734e-02,4.163861722817268490e-02,4.724213610936225244e-02
1.990000000000000000e+03,5.000000000000000000e+00,7.791733552326710610e-01,2.208266447673289667e-01,4.345021797201231717e-02,1.773764267953166496e-01
1.990000000000000000e+03,6.000000000000000000e+00,7.213658565463996197e-01,2.786341434536004358e-01,8.765006991195170571e-02,1.909840735416487301e-01
1.990000000000000000e+03,7.000000000000000000e+00,6.404812449063839175e-01,3.595187550936160270e-01,1.149679726547423453e-01,2.445507824388736817e-01
1.990000000000000000e+03,8.000000000000000000e+00,3.642262842903650766e-01,6.357737157096349234e-01,2.561742901452518373e-01,3.795994255643830861e-01
1.990000000000000000e+03,9.000000000000000000e+00,4.275923889764478014e-01,5.724076110235521986e-01,1.047195976867038025e-01,4.676880133368483961e-01
1.990000000000000000e+03,1.000000000000000000e+01,5.932677783410590377e-01,4.067322216589409623e-01,3.819419581024108279e-02,3.685380258486998795e-01
1.990000000000000000e+03,1.100000000000000000e+01,8.921304432012404639e-01,1.078695567987595916e-01,3.563706595363534679e-02,7.223249084512424478e-02
1.990000000000000000e+03,1.200000000000000000e+01,9.546402264861749698e-01,4.535977351382503020e-02,2.904238035639036125e-02,1.631739315743466895e-02
1.991000000000000000e+03,1.000000000000000000e+00,9.583634714697828461e-01,4.163652853021709843e-02,2.876206118634433775e-02,1.287446734387276068e-02
1.991000000000000000e+03,2.000000000000000000e+00,9.499599106818996663e-01,5.004008931810036837e-02,2.529773382149334490e-02,2.474235549660702346e-02
1.991000000000000000e+03,3.000000000000000000e+00,9.519957000939105463e-01,4.800429990608949538e-02,3.269421732211728188e-02,1.531008258397221176e-02
1.991000000000000000e+03,4.000000000000000000e+00,8.714770061816667912e-01,1.285229938183331810e-01,5.003742450179667067e-02,7.848556931653651036e-02
1.991000000000000000e+03,5.000000000000000000e+00,8.459743749885639819e-01,1.540256250114360181e-01,3.661121411721245111e-02,1.174144108942235670e-01
1.991000000000000000e+03,6.000000000000000000e+00,7.400588592182256731e-01,2.599411407817743269e-01,6.001794370933824507e-02,1.999231970724360818e-01
1.991000000000000000e+03,7.000000000000000000e+00,4.789683562790721938e-01,5.210316437209278062e-01,1.749059245732971779e-01,3.461257191476306283e-01
1.991000000000000000e+03,8.000000000000000000e+00,5.313781510335866543e-01,4.686218489664133457e-01,1.747783108166875987e-01,2.938435381497257470e-01
1.991000000000000000e+03,9.000000000000000000e+00,6.043438944396022361e-01,3.956561055603978194e-01,7.935080910374203711e-02,3.163052964566557823e-01
1.991000000000000000e+03,1.000000000000000000e+01,6.748870058770155556e-01,3.251129941229844444e-01,5.714000964513882286e-02,2.679729844778456216e-01
1.991000000000000000e+03,1.100000000000000000e+01,8.467587865530956659e-01,1.532412134469043064e-01,4.954644097871349628e-02,1.036947724681908101e-01
1.991000000000000000e+03,1.200000000000000000e+01,9.527162628453045290e-01,4.728373715469551264e-02,3.470216561690088464e-02,1.258157153779463147e-02
1.992000000000000000e+03,1.000000000000000000e+00,9.351854618644818151e-01,6.481453813551818488e-02,3.101941825291273935e-02,3.379511988260544553e-02
1.992000000000000000e+03,2.000000000000000000e+00,9.574459735408825667e-01,4.255402645911743331e-02,2.830398396311659473e-02,1.425004249600083858e-02
1.992000000000000000e+03,3.000000000000000000e+00,9.527940902892827468e-01,4.720590971071726705e-02,2.949539974433946013e-02,1.771050996637780692e-02
1.992000000000000000e+03,4.000000000000000000e+00,8.749451237822223337e-01,1.250548762177777218e-01,3.669342639313089016e-02,8.836144982464683162e-02
1.992000000000000000e+03,5.000000000000000000e+00,7.783327622763032139e-01,2.216672377236968416e-01,3.324077152467741492e-02,1.884264661990194267e-01
1.992000000000000000e+03,6.000000000000000000e+00,6.457100647047894215e-01,3.542899352952105785e-01,9.670359199725231392e-02,2.575863432979582646e-01
1.992000000000000000e+03,7.000000000000000000e+00,5.150105053534089761e-01,4.849894946465910239e-01,1.825277763298345790e-01,3.024617183167564449e-01
1.992000000000000000e+03,8.000000000000000000e+00,4.871034920979693261e-01,5.128965079020306739e-01,1.543420296077901432e-01,3.585544782942405306e-01
1.992000000000000000e+03,9.000000000000000000e+00,7.424075560149281383e-01,2.575924439850719172e-01,4.504984210212942264e-02,2.125426018829424946e-01
1.992000000000000000e+03,1.000000000000000000e+01,8.034250999205945210e-01,1.965749000794054790e-01,2.103561752815086283e-02,1.755392825512546162e-01
1.992000000000000000e+03,1.100000000000000000e+01,8.714900888203152007e-01,1.285099111796848548e-01,4.416497134006473757e-02,8.434493983962011721e-02
1.992000000000000000e+03,1.200000000000000000e+01,9.463652752721273265e-01,5.363472472787263884e-02,3.067303412201847351e-02,2.296169060585416533e-02
1.993000000000000000e+03,1.000000000000000000e+00,9.443695941204285349e-01,5.563040587957147898e-02,3.640251607578819104e-02,1.922788980378328447e-02
1.993000000000000000e+03,2.000000000000000000e+00,9.444535722487577001e-01,5.554642775124234849e-02,4.660026465623419434e-02,8.946163095008155888e-03
1.993000000000000000e+03,3.000000000000000000e+00,9.485177147543832898e-01,5.148228524561666852e-02,3.621487198969721572e-02,1.526741325591945281e-02
1.993000000000000000e+03,4.000000000000000000e+00,7.957858481340011059e-01,2.042141518659988664e-01,4.045202881869314204e-02,1.637621230473057243e-01
1.993000000000000000e+03,5.000000000000000000e+00,5.824964079097005865e-01,4.175035920902994691e-01,8.673789812522730847e-02,3.307656939650721606e-01
1.993000000000000000e+03,6.000000000000000000e+00,6.363117122830086458e-01,3.636882877169912986e-01,1.306567845782273529e-01,2.330315031387639457e-01
1.993000000000000000e+03,7.000000000000000000e+00,6.314607156233565943e-01,3.685392843766434057e-01,1.264160516716598404e-01,2.421232327049835653e-01
1.993000000000000000e+03,8.000000000000000000e+00,3.370035847261926287e-01,6.629964152738073713e-01,2.154492262692031534e-01,4.475471890046042178e-01
1.993000000000000000e+03,9.000000000000000000e+00,6.486517504487974151e-01,3.513482495512025294e-01,4.381335208863001984e-02,3.075348974625725096e-01
1.993000000000000000e+03,1.000000000000000000e+01,8.492872557441550896e-01,1.507127442558449659e-01,3.213533373855161079e-02,1.185774105172933551e-01
1.993000000000000000e+03,1.100000000000000000e+01,9.011091422908875659e-01,9.889085770911246187e-02,3.865829274534349907e-02,6.023256496376896280e-02
1.993000000000000000e+03,1.200000000000000000e+01,9.572443664767659177e-01,4.275563352323413085e-02,2.561285540145388784e-02,1.714277812178024302e-02
1.994000000000000000e+03,1.000000000000000000e+00,9.565246641736954158e-01,4.347533582630453558e-02,2.682602587377000761e-02,1.664930995253452797e-02
1.994000000000000000e+03,2.000000000000000000e+00,9.546015099524381986e-01,4.539849004756183609e-02,2.588989709657616572e-02,1.950859295098567037e-02
1.994000000000000000e+03,3.000000000000000000e+00,9.308435194243543931e-01,6.915648057564557916e-02,3.795519725592846894e-02,3.120128331971711022e-02
1.994000000000000000e+03,4.000000000000000000e+00,8.859426880360186107e-01,1.140573119639813338e-01,3.526448633462898885e-02,7.879282562935234491e-02
1.994000000000000000e+03,5.000000000000000000e+00,6.796627994486549307e-01,3.203372005513450693e-01,4.996769027484937453e-02,2.703695102764956948e-01
1.994000000000000000e+03,6.000000000000000000e+00,6.807758079073145119e-01,3.192241920926854881e-01,7.278720139707736680e-02,2.464369906956081213e-01
1.994000000000000000e+03,7.000000000000000000e+00,5.936686059602227505e-01,4.063313940397773050e-01,1.890399304327641805e-01,2.172914636070131245e-01
1.994000000000000000e+03,8.000000000000000000e+00,4.173028071518646298e-01,5.826971928481353702e-01,1.766799256143517516e-01,4.060172672337836186e-01
1.994000000000000000e+03,9.000000000000000000e+00,5.604304157018721311e-01,4.395695842981278689e-01,1.167381259213025047e-01,3.228314583768253643e-01
1.994000000000000000e+03,1.000000000000000000e+01,7.984877072591103353e-01,2.015122927408896092e-01,4.237230988161869161e-02,1.591399828592709176e-01
1.994000000000000000e+03,1.100000000000000000e+01,8.790216030125053148e-01,1.209783969874946713e-01,3.025468850097882967e-02,9.072370848651584163e-02
1.994000000000000000e+03,1.200000000000000000e+01,9.220146635803994073e-01,7.798533641960057883e-02,3.315410867390004152e-02,4.483122774570053731e-02
1.995000000000000000e+03,1.000000000000000000e+00,9.310834596405684893e-01,6.891654035943149681e-02,3.088960939990354621e-02,3.802693095952795060e-02
1.995000000000000000e+03,2.000000000000000000e+00,9.508009850374464778e-01,4.919901496255348755e-02,3.086868285661519690e-02,1.833033210593829065e-02
1.995000000000000000e+03,3.000000000000000000e+00,8.838827858353200950e-01,1.161172141646799050e-01,6.133864482672531787e-02,5.477856933795458710e-02
1.995000000000000000e+03,4.000000000000000000e+00,7.674188864275304223e-01,2.325811135724695222e-01,5.084609844039553184e-02,1.817350151320739904e-01
1.995000000000000000e+03,5.000000000000000000e+00,6.434134026107753979e-01,3.565865973892246577e-01,2.659254922839215940e-02,3.299940481608324983e-01
1.995000000000000000e+03,6.000000000000000000e+00,4.929137088483073192e-01,5.070862911516926808e-01,1.360371704612600152e-01,3.710491206904326655e-01
1.995000000000000000e+03,7.000000000000000000e+00,4.505997216179796760e-01,5.494002783820203240e-01,1.466178796598086587e-01,4.027823987222116653e-01
1.995000000000000000e+03,8.000000000000000000e+00,3.034484823928449426e-01,6.965515176071550574e-01,1.934568058322809758e-01,5.030947117748740816e-01
1.995000000000000000e+03,9.000000000000000000e+00,4.388938039449492567e-01,5.611061960550507433e-01,1.306857167558523325e-01,4.304204792991984108e-01
1.995000000000000000e+03,1.000000000000000000e+01,7.085589810795736021e-01,2.914410189204263979e-01,4.129024580158530133e-02,2.501507731188410966e-01
1.995000000000000000e+03,1.100000000000000000e+01,9.021094433357388365e-01,9.789055666426120517e-02,3.647395785148974806e-02,6.141659881277145711e-02
1.995000000000000000e+03,1.200000000000000000e+01,9.269541342248577287e-01,7.304586577514232681e-02,3.860830492461597707e-02,3.443756085052634974e-02
1.996000000000000000e+03,1.000000000000000000e+00,9.552254392624597301e-01,4.477456073754029070e-02,2.792007461311084987e-02,1.685448612442944083e-02
1.996000000000000000e+03,2.000000000000000000e+00,9.488140651498900846e-01,5.118593485010989458e-02,3.106811514332352697e-02,2.011781970678636761e-02
1.996000000000000000e+03,3.000000000000000000e+00,9.390879200372438396e-01,6.091207996275620901e-02,3.802891860219517056e-02,2.288316136056103844e-02
1.996000000000000000e+03,4.000000000000000000e+00,8.691765427484479112e-01,1.308234572515520611e-01,4.159789022514578938e-02,8.922556702640627169e-02
1.996000000000000000e+03,5.000000000000000000e+00,8.886740480445953771e-01,1.113259519554046784e-01,3.558387903806450869e-02,7.574207291734016967e-02
1.996000000000000000e+03,6.000000000000000000e+00,5.241448238967476581e-01,4.758551761032523975e-01,1.495047442258667925e-01,3.263504318773856050e-01
1.996000000000000000e+03,7.000000000000000000e+00,3.449111083779002884e-01,6.550888916220997116e-01,2.807468062367881600e-01,3.743420853853115515e-01
1.996000000000000000e+03,8.000000000000000000e+00,5.143840497316007898e-01,4.856159502683991547e-01,1.384025843969586833e-01,3.472133658714404714e-01
1.996000000000000000e+03,9.000000000000000000e+00,4.983651611389330327e-01,5.016348388610669673e-01,1.332994877032249725e-01,3.683353511578419948e-01
1.996000000000000000e+03,1.000000000000000000e+01,7.130067465400938831e-01,2.869932534599061169e-01,4.134662622722559688e-02,2.456466272326805200e-01
1.996000000000000000e+03,1.100000000000000000e+01,9.187437078541619284e-01,8.125629214583811322e-02,3.299827109953103882e-02,4.825802104630707440e-02
1.996000000000000000e+03,1.200000000000000000e+01,9.264096002386902340e-01,7.359039976130976601e-02,2.638048905393479415e-02,4.720991070737497186e-02
1.997000000000000000e+03,1.000000000000000000e+00,9.480768986310610380e-01,5.192310136893891342e-02,4.583850573117179833e-02,6.084595637767116830e-03
1.997000000000000000e+03,2.000000000000000000e+00,9.586537861786955661e-01,4.134621382130448247e-02,2.425929369193353599e-02,1.708692012937094648e-02
1.997000000000000000e+03,3.000000000000000000e+00,9.588241393126371026e-01,4.117586068736288352e-02,3.135569557504881005e-02,9.820165112314075198e-03
1.997000000000000000e+03,4.000000000000000000e+00,8.702753992357762369e-01,1.297246007642237353e-01,5.046222314475189152e-02,7.926237761947184379e-02
1.997000000000000000e+03,5.000000000000000000e+00,7.218520341646268434e-01,2.781479658353731566e-01,3.861085514479442593e-02,2.395371106905787306e-01
1.997000000000000000e+03,6.000000000000000000e+00,8.818754439763833997e-01,1.181245560236165448e-01,2.648699695668962906e-02,9.163755906692691577e-02
1.997000000000000000e+03,7.000000000000000000e+00,4.756372936667371265e-01,5.243627063332628735e-01,1.477288418774883039e-01,3.766338644557745696e-01
1.997000000000000000e+03,8.000000000000000000e+00,5.821300109742708617e-01,4.178699890257290828e-01,1.314311348667369650e-01,2.864388541589921178e-01
1.997000000000000000e+03,9.000000000000000000e+00,6.965325267256626818e-01,3.034674732743373182e-01,2.080199246921865530e-02,2.826654808051186629e-01
1.997000000000000000e+03,1.000000000000000000e+01,8.027302390097718066e-01,1.972697609902281934e-01,3.431025126020170735e-02,1.629595097300264861e-01
1.997000000000000000e+03,1.100000000000000000e+01,8.970111019425360821e-01,1.029888980574639179e-01,3.276536767864249300e-02,7.022353037882142490e-02
1.997000000000000000e+03,1.200000000000000000e+01,9.178624978282050595e-01,8.213750217179498214e-02,3.236196031168069032e-02,4.977554186011429183e-02
1.998000000000000000e+03,1.000000000000000000e+00,9.103080028854499961e-01,8.969199711454996227e-02,3.004329586791126133e-02,5.964870124663870093e-02
1.998000000000000000e+03,2.000000000000000000e+00,8.851738575701494360e-01,1.148261424298506056e-01,6.458505928540414498e-02,5.024108314444646062e-02
1.998000000000000000e+03,3.000000000000000000e+00,8.879370219931701502e-01,1.120629780068298775e-01,4.804505744982691395e-02,6.401792055700296358e-02
1.998000000000000000e+03,4.000000000000000000e+00,8.707724912952330421e-01,1.292275087047670135e-01,3.561633080354401071e-02,9.361117790122300275e-02
1.998000000000000000e+03,5.000000000000000000e+00,5.313772108013524731e-01,4.686227891986475269e-01,1.714024072642819085e-01,2.972203819343656184e-01
1.998000000000000000e+03,6.000000000000000000e+00,5.266663787429328725e-01,4.733336212570671275e-01,1.718469389627385047e-01,3.014866822943286229e-01
1.998000000000000000e+03,7.000000000000000000e+00,3.631356391433157027e-01,6.368643608566842973e-01,2.085234235743296249e-01,4.283409372823546724e-01
1.998000000000000000e+03,8.000000000000000000e+00,5.599549742034515276e-01,4.400450257965484169e-01,1.079174047155426197e-01,3.321276210810057972e-01
1.998000000000000000e+03,9.000000000000000000e+00,5.047915238530091830e-01,4.952084761469907614e-01,1.202191785470994589e-01,3.749892975998913025e-01
1.998000000000000000e+03,1.000000000000000000e+01,8.426080784902627574e-01,1.573919215097372426e-01,3.044399659411251013e-02,1.269479249156247325e-01
1.998000000000000000e+03,1.100000000000000000e+01,9.234592878239640257e-01,7.654071217603596045e-02,4.068412272342665503e-02,3.585658945260930541e-02
1.998000000000000000e+03,1.200000000000000000e+01,9.103166216043376835e-01,8.968337839566227487e-02,3.889258870706053389e-02,5.079078968860174098e-02
1.999000000000000000e+03,1.000000000000000000e+00,9.641595749193578868e-01,3.584042508064207155e-02,2.695449478309335303e-02,8.885930297548718521e-03
1.999000000000000000e+03,2.000000000000000000e+00,9.382296339521789541e-01,6.177036604782108753e-02,3.858218942218186176e-02,2.318817662563922924e-02
1.999000000000000000e+03,3.000000000000000000e+00,9.436105893971417080e-01,5.638941060285827117e-02,4.222287795040297054e-02,1.416653265245529890e-02
1.999000000000000000e+03,4.000000000000000000e+00,7.266890789322733024e-01,2.733109210677266976e-01,4.665350129873530038e-02,2.266574197689913972e-01
1.999000000000000000e+03,5.000000000000000000e+00,6.266077868185171429e-01,3.733922131814828571e-01,3.915970254733530664e-02,3.342325106341475505e-01
1.999000000000000000e+03,6.000000000000000000e+00,6.768694690143994830e-01,3.231305309856004615e-01,7.132282102126175083e-02,2.518077099643387107e-01
1.999000000000000000e+03,7.000000000000000000e+00,5.142846748540630397e-01,4.857153251459369603e-01,1.936105359800540660e-01,2.921047891658828943e-01
1.999000000000000000e+03,8.000000000000000000e+00,1.659913639886136938e-01,8.340086360113863062e-01,3.626209241490587210e-01,4.713877118623275853e-01
1.999000000000000000e+03,9.000000000000000000e+00,5.857790219774265950e-01,4.142209780225733495e-01,5.612164571210398467e-02,3.580993323104693649e-01
1.999000000000000000e+03,1.000000000000000000e+01,4.621865135604590336e-01,5.378134864395409664e-01,1.442141815451981612e-01,3.935993048943428052e-01
1.999000000000000000e+03,1.100000000000000000e+01,7.191102332652443696e-01,2.808897667347556859e-01,8.312739960027076824e-02,1.977623671344849177e-01
1.999000000000000000e+03,1.200000000000000000e+01,9.455105723485385250e-01,5.448942765146145423e-02,3.094704231362839508e-02,2.354238533783305914e-02
2.000000000000000000e+03,1.000000000000000000e+00,9.672656901959680864e-01,3.273430980403189278e-02,2.948985372540487149e-02,3.244456078627022590e-03
2.000000000000000000e+03,2.000000000000000000e+00,9.685805871944718204e-01,3.141941280552817267e-02,2.219425542725585176e-02,9.225157378272322642e-03
2.000000000000000000e+03,3.000000000000000000e+00,9.309915932590983045e-01,6.900840674090172322e-02,4.308461028559838757e-02,2.592379645530333565e-02
2.000000000000000000e+03,4.000000000000000000e+00,9.447951206731732832e-01,5.520487932682671683e-02,3.094584027503657561e-02,2.425903905179014122e-02
2.000000000000000000e+03,5.000000000000000000e+00,7.121190833091750605e-01,2.878809166908248840e-01,3.813532432358857083e-02,2.497455923672363132e-01
2.000000000000000000e+03,6.000000000000000000e+00,9.201961839115684327e-01,7.980381608843158114e-02,2.223013147473627132e-02,5.757368461369530982e-02
2.000000000000000000e+03,7.000000000000000000e+00,7.475393242185908171e-01,2.524606757814091273e-01,6.516560244496757970e-02,1.872950733364415477e-01
2.000000000000000000e+03,8.000000000000000000e+00,4.787485500974865138e-01,5.212514499025134862e-01,1.339971221271490931e-01,3.872543277753643931e-01
2.000000000000000000e+03,9.000000000000000000e+00,7.212480930884709318e-01,2.787519069115290682e-01,4.832648620211746349e-02,2.304254207094116047e-01
2.000000000000000000e+03,1.000000000000000000e+01,7.364258472897389218e-01,2.635741527102610782e-01,4.722161856565243454e-02,2.163525341446086436e-01
2.000000000000000000e+03,1.100000000000000000e+01,9.198437241717818402e-01,8.015627582821817365e-02,4.085967708450865404e-02,3.929659874370951961e-02
2.000000000000000000e+03,1.200000000000000000e+01,9.420505824770221137e-01,5.794941752297793486e-02,2.779330210359614792e-02,3.015611541938178694e-02
2.001000000000000000e+03,1.000000000000000000e+00,9.486503589005081949e-01,5.134964109949179817e-02,2.649195584920035346e-02,2.485768525029144471e-02
2.001000000000000000e+03,2.000000000000000000e+00,9.572044812786475454e-01,4.279551872135240603e-02,2.492426680064533176e-02,1.787125192070707427e-02
2.001000000000000000e+03,3.000000000000000000e+00,9.063304063082098239e-01,9.366959369179017614e-02,3.703146095653344488e-02,5.663813273525673125e-02
2.001000000000000000e+03,4.000000000000000000e+00,9.159559247011833660e-01,8.404407529881667560e-02,3.192998943545050788e-02,5.211408586336616772e-02
2.001000000000000000e+03,5.000000000000000000e+00,8.672934942455955420e-01,1.327065057544044580e-01,2.677488320033960534e-02,1.059316225540648526e-01
2.001000000000000000e+03,6.000000000000000000e+00,7.743976293461969362e-01,2.256023706538030638e-01,5.634175141344471838e-02,1.692606192403583454e-01
2.001000000000000000e+03,7.000000000000000000e+00,8.375781414054391805e-01,1.624218585945608473e-01,4.095654660489653209e-02,1.214653119896643152e-01
2.001000000000000000e+03,8.000000000000000000e+00,4.200000006461133140e-01,5.799999993538866860e-01,2.169999708562152518e-01,3.630000284976714342e-01
2.001000000000000000e+03,9.000000000000000000e+00,8.491980980227945563e-01,1.508019019772054437e-01,3.248122363347277775e-02,1.183206783437326659e-01
2.001000000000000000e+03,1.000000000000000000e+01,8.576866431329033258e-01,1.423133568670967297e-01,3.704333559115537133e-02,1.052700212759413584e-01
2.001000000000000000e+03,1.100000000000000000e+01,8.652754159883202512e-01,1.347245840116797766e-01,3.756420166896506929e-02,9.716038234271470730e-02
2.001000000000000000e+03,1.200000000000000000e+01,9.165359167460688239e-01,8.346408325393113448e-02,3.179271917957250670e-02,5.167136407435862777e-02
2.002000000000000000e+03,1.000000000000000000e+00,9.622307502529376944e-01,3.776924974706227789e-02,2.617671668484402442e-02,1.159253306221825520e-02
2.002000000000000000e+03,2.000000000000000000e+00,9.569085311295495444e-01,4.309146887045044866e-02,2.698874395171335996e-02,1.610272491873708869e-02
2.002000000000000000e+03,3.000000000000000000e+00,9.460481198951519177e-01,5.395188010484808921e-02,3.124965845753145330e-02,2.270222164731663592e-02
2.002000000000000000e+03,4.000000000000000000e+00,9.325465582534000486e-01,6.745344174659999303e-02,3.904435756651901401e-02,2.840908418008098249e-02
2.002000000000000000e+03,5.000000000000000000e+00,8.940334247720377325e-01,1.059665752279622258e-01,2.596104565545516440e-02,8.000552957250706143e-02
2.002000000000000000e+03,6.000000000000000000e+00,6.681841205211791479e-01,3.318158794788208521e-01,8.480777110227899485e-02,2.470081083765418573e-01
2.002000000000000000e+03,7.000000000000000000e+00,8.000132510382937934e-01,1.999867489617062066e-01,6.017899175091631636e-02,1.398077572107898903e-01
2.002000000000000000e+03,8.000000000000000000e+00,6.380104397073256273e-01,3.619895602926743727e-01,7.322879081128430556e-02,2.887607694813900672e-01
2.002000000000000000e+03,9.000000000000000000e+00,7.021115542654299269e-01,2.978884457345700731e-01,2.856978141212057620e-02,2.693186643224494969e-01
2.002000000000000000e+03,1.000000000000000000e+01,8.359219214693921485e-01,1.640780785306078515e-01,2.126680282874440775e-02,1.428112757018634438e-01
2.002000000000000000e+03,1.100000000000000000e+01,9.283142922720580836e-01,7.168570772794191637e-02,2.558178812651044215e-02,4.610391960143147422e-02
2.002000000000000000e+03,1.200000000000000000e+01,9.440338085686763581e-01,5.596619143132369745e-02,2.675329395435492585e-02,2.921289747696877159e-02
2.003000000000000000e+03,1.000000000000000000e+00,9.238386007389923771e-01,7.616139926100759516e-02,2.664026882071415803e-02,4.952113044029343714e-02
2.003000000000000000e+03,2.000000000000000000e+00,9.551739574879912764e-01,4.482604251200877216e-02,2.463833683693645790e-02,2.018770567507231425e-02
2.003000000000000000e+03,3.000000000000000000e+00,9.295001965863700644e-01,7.049980341362996339e-02,3.826718842511395852e-02,3.223261498851600487e-02
2.003000000000000000e+03,4.000000000000000000e+00,8.065975457849965391e-01,1.934024542150034054e-01,3.563974316667578579e-02,1.577627110483276196e-01
2.003000000000000000e+03,5.000000000000000000e+00,9.410114683745613995e-01,5.898853162543863521e-02,2.665440504760133861e-02,3.233412657783729660e-02
2.003000000000000000e+03,6.000000000000000000e+00,9.121285667438961964e-01,8.787143325610376199e-02,2.793622524588218470e-02,5.993520801022157729e-02
2.003000000000000000e+03,7.000000000000000000e+00,6.037328792668759103e-01,3.962671207331240342e-01,1.540383346544990928e-01,2.422287860786249414e-01
2.003000000000000000e+03,8.000000000000000000e+00,4.126394225040681540e-01,5.873605774959318460e-01,1.555151139365565371e-01,4.318454635593753088e-01
2.003000000000000000e+03,9.000000000000000000e+00,5.261427012594125374e-01,4.738572987405874626e-01,1.766884483832585895e-01,2.971688503573288731e-01
2.003000000000000000e+03,1.000000000000000000e+01,6.681176438012146335e-01,3.318823561987853110e-01,4.560627917546117294e-02,2.862760770233241381e-01
2.003000000000000000e+03,1.100000000000000000e+01,8.776423021935856328e-01,1.223576978064143395e-01,3.561218245213219891e-02,8.674551535428214055e-02
2.003000000000000000e+03,1.200000000000000000e+01,9.260341345968821081e-01,7.396586540311787805e-02,3.510760683882981764e-02,3.885825856428806041e-02
2.004000000000000000e+03,1.000000000000000000e+00,9.550932581605254823e-01,4.490674183947454545e-02,3.705747809164182394e-02,7.849263747832718047e-03
2.004000000000000000e+03,2.000000000000000000e+00,9.404592074872077934e-01,5.954079251279222051e-02,3.090357461105346093e-02,2.863721790173875958e-02
2.004000000000000000e+03,3.000000000000000000e+00,9.545725092108752197e-01,4.542749078912479421e-02,2.748323504066754741e-02,1.794425574845724680e-02
2.004000000000000000e+03,4.000000000000000000e+00,8.910007071788461630e-01,1.089992928211538509e-01,5.047313273910843112e-02,5.852616008204541975e-02
2.004000000000000000e+03,5.000000000000000000e+00,7.215491098280227833e-01,2.784508901719772167e-01,7.610538854047160795e-02,2.023455016315056088e-01
2.004000000000000000e+03,6.000000000000000000e+00,7.427334415384920785e-01,2.572665584615079215e-01,8.264365732198036829e-02,1.746229011395275532e-01
2.004000000000000000e+03,7.000000000000000000e+00,7.552418310278571356e-01,2.447581689721428644e-01,8.523562437514886625e-02,1.595225445969939981e-01
2.004000000000000000e+03,8.000000000000000000e+00,5.089567319359319386e-01,4.910432680640680614e-01,1.880056899321773112e-01,3.030375781318907502e-01
2.004000000000000000e+03,9.000000000000000000e+00,4.729619505870394924e-01,5.270380494129605076e-01,1.365001303051208148e-01,3.905379191078396928e-01
2.004000000000000000e+03,1.000000000000000000e+01,7.250377175452221712e-01,2.749622824547778288e-01,3.578965436854528170e-02,2.391726280862325471e-01
2.004000000000000000e+03,1.100000000000000000e+01,8.429804745927694798e-01,1.570195254072305480e-01,4.387950442101702653e-02,1.131400209862135214e-01
2.004000000000000000e+03,1.200000000000000000e+01,9.589895089412601159e-01,4.101049105873993267e-02,2.827299083489998380e-02,1.273750022383994887e-02
2.005000000000000000e+03,1.000000000000000000e+00,9.541306882469506867e-01,4.586931175304936187e-02,3.114923779736023662e-02,1.472007395568912524e-02
2.005000000000000000e+03,2.000000000000000000e+00,9.354738979158302437e-01,6.452610208416971471e-02,4.674868609162740468e-02,1.777741599254231003e-02
2.005000000000000000e+03,3.000000000000000000e+00,9.152475793911798441e-01,8.475242060882021145e-02,3.699292073132067621e-02,4.775949987749953524e-02
2.005000000000000000e+03,4.000000000000000000e+00,8.302312088078106500e-01,1.697687911921893777e-01,3.330919379263763691e-02,1.364595973995517408e-01
2.005000000000000000e+03,5.000000000000000000e+00,6.811076145905530232e-01,3.188923854094470323e-01,5.832909979715861226e-02,2.605632856122884200e-01
2.005000000000000000e+03,6.000000000000000000e+00,6.585280319216109124e-01,3.414719680783890321e-01,1.144880166293568424e-01,2.269839514490321897e-01
2.005000000000000000e+03,7.000000000000000000e+00,4.709770949723099953e-01,5.290229050276900047e-01,2.192890102326264801e-01,3.097338947950635246e-01
2.005000000000000000e+03,8.000000000000000000e+00,4.674250782767891410e-01,5.325749217232108590e-01,1.908740680725671823e-01,3.417008536506436767e-01
2.005000000000000000e+03,9.000000000000000000e+00,5.798001510633050692e-01,4.201998489366948752e-01,1.061521409188508902e-01,3.140477080178439850e-01
2.005000000000000000e+03,1.000000000000000000e+01,6.528742790790722506e-01,3.471257209209276939e-01,5.015398774881385524e-02,2.969717331721138387e-01
2.005000000000000000e+03,1.100000000000000000e+01,8.415329476978118395e-01,1.584670523021881605e-01,3.641425061051740963e-02,1.220528016916707509e-01
2.005000000000000000e+03,1.200000000000000000e+01,9.533552043586867031e-01,4.664479564131330386e-02,3.498606002826398775e-02,1.165873561304931263e-02
2.006000000000000000e+03,1.000000000000000000e+00,9.653393923407747046e-01,3.466060765922529541e-02,2.418472432778142472e-02,1.047588333144387068e-02
2.006000000000000000e+03,2.000000000000000000e+00,9.610640825909596563e-01,3.893591740904038534e-02,2.517673860560484811e-02,1.375917880343553897e-02
2.006000000000000000e+03,3.000000000000000000e+00,9.392528048391740603e-01,6.074719516082593279e-02,3.020949633649243696e-02,3.053769882433349583e-02
2.006000000000000000e+03,4.000000000000000000e+00,8.565315239770771027e-01,1.434684760229228973e-01,3.848849235687001880e-02,1.049799836660528785e-01
2.006000000000000000e+03,5.000000000000000000e+00,4.562796789387099095e-01,5.437203210612900905e-01,2.151223717306705585e-01,3.285979493306195320e-01
2.006000000000000000e+03,6.000000000000000000e+00,6.751431530443984252e-01,3.248568469556015748e-01,1.091788559552977766e-01,2.156779910003037981e-01
2.006000000000000000e+03,7.000000000000000000e+00,7.240686990671424406e-01,2.759313009328575594e-01,1.036826578445366742e-01,1.722486430883208852e-01
2.006000000000000000e+03,8.000000000000000000e+00,5.376702494045451086e-01,4.623297505954549469e-01,1.121122566581400637e-01,3.502174939373148832e-01
2.006000000000000000e+03,9.000000000000000000e+00,5.938616682163750937e-01,4.061383317836248508e-01,1.029884495823484292e-01,3.031498822012764216e-01
2.006000000000000000e+03,1.000000000000000000e+01,8.165452613914061519e-01,1.834547386085939036e-01,3.014853076423007483e-02,1.533062078443638288e-01
2.006000000000000000e+03,1.100000000000000000e+01,8.852823845666640823e-01,1.147176154333359455e-01,3.180995559290390740e-02,8.290765984043203807e-02
2.006000000000000000e+03,1.200000000000000000e+01,9.444544848540488147e-01,5.554551514595115064e-02,2.896314414716010324e-02,2.658237099879104740e-02
2.007000000000000000e+03,1.000000000000000000e+00,9.453044739261291518e-01,5.469552607387079962e-02,2.478795553561073325e-02,2.990757053826006637e-02
2.007000000000000000e+03,2.000000000000000000e+00,9.520807452494083334e-01,4.791925475059168743e-02,2.971940431059379509e-02,1.819985043999789234e-02
2.007000000000000000e+03,3.000000000000000000e+00,9.381318199434933724e-01,6.186818005650664837e-02,2.459788963315524823e-02,3.727029042335140013e-02
2.007000000000000000e+03,4.000000000000000000e+00,8.754136909866421234e-01,1.245863090133578349e-01,3.096508974635636680e-02,9.362121926700146812e-02
2.007000000000000000e+03,5.000000000000000000e+00,6.197092392159582186e-01,3.802907607840418369e-01,9.274117160748218680e-02,2.875495891765596501e-01
2.007000000000000000e+03,6.000000000000000000e+00,7.188260748969782510e-01,2.811739251030217490e-01,8.863997888873278996e-02,1.925339462142889591e-01
2.007000000000000000e+03,7.000000000000000000e+00,7.839814313966988468e-01,2.160185686033011254e-01,7.358860859024937695e-02,1.424299600130517485e-01
2.007000000000000000e+03,8.000000000000000000e+00,4.074870384702892201e-01,5.925129615297107799e-01,2.798343772271724705e-01,3.126785843025383094e-01
2.007000000000000000e+03,9.000000000000000000e+00,5.667305677115315188e-01,4.332694322884685367e-01,1.041002838698210087e-01,3.291691484186475281e-01
2.007000000000000000e+03,1.000000000000000000e+01,6.640248950443727871e-01,3.359751049556272129e-01,6.397024979947546486e-02,2.720048551561517480e-01
2.007000000000000000e+03,1.100000000000000000e+01,9.158001146903097522e-01,8.419988530969026164e-02,3.101565903969143861e-02,5.318422626999882302e-02
2.007000000000000000e+03,1.200000000000000000e+01,9.501824682289993218e-01,4.981753177100069208e-02,3.013226142433735391e-02,1.968527034666333816e-02
2.008000000000000000e+03,1.000000000000000000e+00,9.589521002476338873e-01,4.104789975236609878e-02,2.704108962698153346e-02,1.400681012538456706e-02
2.008000000000000000e+03,2.000000000000000000e+00,9.553719042104489301e-01,4.462809578955109768e-02,3.102137709385088121e-02,1.360671869570021821e-02
2.008000000000000000e+03,3.000000000000000000e+00,9.493670966661080790e-01,5.063290333389193487e-02,3.060249226251013713e-02,2.003041107138179774e-02
2.008000000000000000e+03,4.000000000000000000e+00,9.412944297667835691e-01,5.870557023321641005e-02,2.943826582757825411e-02,2.926730440563815594e-02
2.008000000000000000e+03,5.000000000000000000e+00,7.599647330020474767e-01,2.400352669979525233e-01,4.866242502282219773e-02,1.913728419751303256e-01
2.008000000000000000e+03,6.000000000000000000e+00,7.537309529665566776e-01,2.462690470334433224e-01,5.671233240784412377e-02,1.895567146255991986e-01
2.008000000000000000e+03,7.000000000000000000e+00,5.994367486505735032e-01,4.005632513494264968e-01,1.492733591381620872e-01,2.512898922112644096e-01
2.008000000000000000e+03,8.000000000000000000e+00,6.769885483257860326e-01,3.230114516742139119e-01,9.137512348606458001e-02,2.316363281881493319e-01
2.008000000000000000e+03,9.000000000000000000e+00,4.648060363287269681e-01,5.351939636712730319e-01,1.135049809061173254e-01,4.216889827651557066e-01
2.008000000000000000e+03,1.000000000000000000e+01,6.854585855487378421e-01,3.145414144512621024e-01,6.506127770289649170e-02,2.494801367483656107e-01
2.008000000000000000e+03,1.100000000000000000e+01,9.015108272243480547e-01,9.848917277565194528e-02,4.215724590571068991e-02,5.633192686994125536e-02
2.008000000000000000e+03,1.200000000000000000e+01,9.622950015761929654e-01,3.770499842380699990e-02,3.028824584645717355e-02,7.416752577349824613e-03
2.009000000000000000e+03,1.000000000000000000e+00,9.626898285663709753e-01,3.731017143362900385e-02,2.487343428773650805e-02,1.243673714589249406e-02
2.009000000000000000e+03,2.000000000000000000e+00,9.638395498552174701e-01,3.616045014478255076e-02,2.415774322466267277e-02,1.200270692011987626e-02
2.009000000000000000e+03,3.000000000000000000e+00,9.496831624982881026e-01,5.031683750171186270e-02,3.190188128863986200e-02,1.841495621307200070e-02
2.009000000000000000e+03,4.000000000000000000e+00,9.354809041493432620e-01,6.451909585065672414e-02,3.729214865335322981e-02,2.722694719730349433e-02
2.009000000000000000e+03,5.000000000000000000e+00,8.465647998695994270e-01,1.534352001304005730e-01,2.431792896481313471e-02,1.291172711655874383e-01
2.009000000000000000e+03,6.000000000000000000e+00,6.989735407664395828e-01,3.010264592335604172e-01,7.711615434986826556e-02,2.239103048836921517e-01
2.009000000000000000e+03,7.000000000000000000e+00,7.533938425493693636e-01,2.466061574506306087e-01,7.551717371201663309e-02,1.710889837386139756e-01
2.009000000000000000e+03,8.000000000000000000e+00,6.628304490972449781e-01,3.371695509027550774e-01,1.066466952155042947e-01,2.305228556872507828e-01
2.009000000000000000e+03,9.000000000000000000e+00,6.309406183179657734e-01,3.690593816820341710e-01,6.448712181471943916e-02,3.045722598673147319e-01
2.009000000000000000e+03,1.000000000000000000e+01,8.676527360242087816e-01,1.323472639757912461e-01,2.935256021924351200e-02,1.029947037565477341e-01
2.009000000000000000e+03,1.100000000000000000e+01,8.730575540572451665e-01,1.269424459427548613e-01,3.311107499999618731e-02,9.383137094275867396e-02
2.009000000000000000e+03,1.200000000000000000e+01,9.479106460714492588e-01,5.208935392855070651e-02,2.987176859829865014e-02,2.221758533025205637e-02
2.010000000000000000e+03,1.000000000000000000e+00,9.356519725754717243e-01,6.434802742452831736e-02,2.971212860181655924e-02,3.463589882271175813e-02
2.010000000000000000e+03,2.000000000000000000e+00,9.141590385586704226e-01,8.584096144132960515e-02,3.009422694798781495e-02,5.574673449334179021e-02
2.010000000000000000e+03,3.000000000000000000e+00,8.763775931706936362e-01,1.236224068293063777e-01,3.390942382316060322e-02,8.971298300614577448e-02
2.010000000000000000e+03,4.000000000000000000e+00,6.813191737122401559e-01,3.186808262877598441e-01,3.541766979434901597e-02,2.832631564934108281e-01
2.010000000000000000e+03,5.000000000000000000e+00,6.879186197869602282e-01,3.120813802130397718e-01,5.952909019494651011e-02,2.525522900180932617e-01
2.010000000000000000e+03,6.000000000000000000e+00,4.950585514538907717e-01,5.049414485461092283e-01,1.485872117120113356e-01,3.563542368340978927e-01
2.010000000000000000e+03,7.000000000000000000e+00,5.612713414699800341e-01,4.387286585300199659e-01,1.829671584488303804e-01,2.557615000811895856e-01
2.010000000000000000e+03,8.000000000000000000e+00,2.853896752102531575e-01,7.146103247897468425e-01,3.116574795281597532e-01,4.029528452615870893e-01
2.010000000000000000e+03,9.000000000000000000e+00,3.915778401498151151e-01,6.084221598501848849e-01,1.565412163609806173e-01,4.518809434892042676e-01
2.010000000000000000e+03,1.000000000000000000e+01,8.065385797917821176e-01,1.934614202082179102e-01,3.759463570519488984e-02,1.558667845030230203e-01
2.010000000000000000e+03,1.100000000000000000e+01,8.505146153054802260e-01,1.494853846945198017e-01,4.690972378547679511e-02,1.025756609090430066e-01
2.010000000000000000e+03,1.200000000000000000e+01,9.309302927310386666e-01,6.906970726896133339e-02,4.149763930162382597e-02,2.757206796733750742e-02
2.011000000000000000e+03,1.000000000000000000e+00,9.632369543123926459e-01,3.676304568760734026e-02,2.666879199944779261e-02,1.009425368815954766e-02
2.011000000000000000e+03,2.000000000000000000e+00,9.669899178368897008e-01,3.301008216311024368e-02,2.545237543928811214e-02,7.557706723822133280e-03
2.011000000000000000e+03,3.000000000000000000e+00,9.374405204127164160e-01,6.255947958728362568e-02,4.090572493795156805e-02,2.165375464933205762e-02
2.011000000000000000e+03,4.000000000000000000e+00,9.159039596675234707e-01,8.409604033247651544e-02,3.842625761264231721e-02,4.566978271983419824e-02
2.011000000000000000e+03,5.000000000000000000e+00,5.842507956023792470e-01,4.157492043976206975e-01,9.741900892585075855e-02,3.183301954717699389e-01
2.011000000000000000e+03,6.000000000000000000e+00,7.460680984642844571e-01,2.539319015357154874e-01,8.196147208903123427e-02,1.719704294466842531e-01
2.011000000000000000e+03,7.000000000000000000e+00,5.744986652709898056e-01,4.255013347290101389e-01,1.487343065202433867e-01,2.767670282087667522e-01
2.011000000000000000e+03,8.000000000000000000e+00,5.475400350634803681e-01,4.524599649365196319e-01,1.396221368571289867e-01,3.128378280793906452e-01
2.011000000000000000e+03,9.000000000000000000e+00,5.013008360596014068e-01,4.986991639403986487e-01,1.149986397657226100e-01,3.837005241746760387e-01
2.011000000000000000e+03,1.000000000000000000e+01,6.641488888181238393e-01,3.358511111818761607e-01,6.188539978367568750e-02,2.739657113982004732e-01
2.011000000000000000e+03,1.100000000000000000e+01,8.556918757165385969e-01,1.443081242834614031e-01,3.350948138621724637e-02,1.107986428972441567e-01
2.011000000000000000e+03,1.200000000000000000e+01,9.240900568855100472e-01,7.590994311448996668e-02,2.923711713664891437e-02,4.667282597784105230e-02
2.012000000000000000e+03,1.000000000000000000e+00,9.677707509902504501e-01,3.222924900974952905e-02,2.599311609675353935e-02,6.236132912995991442e-03
2.012000000000000000e+03,2.000000000000000000e+00,9.673871161704502564e-01,3.261288382954975057e-02,2.784964666631227145e-02,4.763237163237478249e-03
2.012000000000000000e+03,3.000000000000000000e+00,9.404640258893988136e-01,5.953597411060116557e-02,2.808557961207427955e-02,3.145039449852688601e-02
2.012000000000000000e+03,4.000000000000000000e+00,8.497084217112050863e-01,1.502915782887949137e-01,4.386923776868546787e-02,1.064223405201094458e-01
2.012000000000000000e+03,5.000000000000000000e+00,7.635559158294115134e-01,2.364440841705884866e-01,6.215216725147257315e-02,1.742919169191159134e-01
2.012000000000000000e+03,6.000000000000000000e+00,7.710522935057428917e-01,2.289477064942571083e-01,6.122134621171218538e-02,1.677263602825449229e-01
2.012000000000000000e+03,7.000000000000000000e+00,4.971849959975348510e-01,5.028150040024651490e-01,1.789152413904383510e-01,3.238997626120267981e-01
2.012000000000000000e+03,8.000000000000000000e+00,4.338589751683726847e-01,5.661410248316273153e-01,2.112876655392731950e-01,3.548533592923541202e-01
2.012000000000000000e+03,9.000000000000000000e+00,5.227352104516380660e-01,4.772647895483619895e-01,1.374169975869863336e-01,3.398477919613756559e-01
2.012000000000000000e+03,1.000000000000000000e+01,6.793760217771945831e-01,3.206239782228054169e-01,4.017168066764875700e-02,2.804522975551566599e-01
2.012000000000000000e+03,1.100000000000000000e+01,8.720823511901464320e-01,1.279176488098535958e-01,4.260457716903059966e-02,8.531307164082299610e-02
2.012000000000000000e+03,1.200000000000000000e+01,9.424207947426902487e-01,5.757920525730975819e-02,3.346470353577329915e-02,2.411450172153645904e-02
2.013000000000000000e+03,1.000000000000000000e+00,9.609258399819693430e-01,3.907416001803061534e-02,2.396069859807156005e-02,1.511346141995905355e-02
2.013000000000000000e+03,2.000000000000000000e+00,9.585941530191622872e-01,4.140584698083767806e-02,2.722863141964094666e-02,1.417721556119673140e-02
2.013000000000000000e+03,3.000000000000000000e+00,9.059862958899199681e-01,9.401370411008003192e-02,3.514717500180310900e-02,5.886652910827692292e-02
2.013000000000000000e+03,4.000000000000000000e+00,7.989465284040121462e-01,2.010534715959878260e-01,2.879821841488336420e-02,1.722552531811044618e-01
2.013000000000000000e+03,5.000000000000000000e+00,8.884742311995281749e-01,1.115257688004718528e-01,3.093958911526034639e-02,8.058617968521150643e-02
2.013000000000000000e+03,6.000000000000000000e+00,9.221442809368385340e-01,7.785571906316152146e-02,1.693774434782059635e-02,6.091797471534092512e-02
2.013000000000000000e+03,7.000000000000000000e+00,7.564572467033886527e-01,2.435427532966113751e-01,8.412922905080530422e-02,1.594135242458060708e-01
2.013000000000000000e+03,8.000000000000000000e+00,4.884426556571062061e-01,5.115573443428937939e-01,2.089218949171031126e-01,3.026354494257906813e-01
2.013000000000000000e+03,9.000000000000000000e+00,5.226638686250297816e-01,4.773361313749702739e-01,1.434079962865021929e-01,3.339281350884680810e-01
2.013000000000000000e+03,1.000000000000000000e+01,7.973507433805401279e-01,2.026492566194598721e-01,3.764425177505756337e-02,1.650050048444023088e-01
2.013000000000000000e+03,1.100000000000000000e+01,9.185185698625302209e-01,8.148143013746973751e-02,3.317928606345006692e-02,4.830214407401967058e-02
2.013000000000000000e+03,1.200000000000000000e+01,9.670648325205255524e-01,3.293516747947441980e-02,2.032607603605584082e-02,1.260909144341857899e-02
2.014000000000000000e+03,1.000000000000000000e+00,9.654642906238086741e-01,3.453570937619137443e-02,2.373822640532569084e-02,1.079748297086568186e-02
2.014000000000000000e+03,2.000000000000000000e+00,9.584534558658757142e-01,4.154654413412423725e-02,2.603755703115849182e-02,1.550898710296574542e-02
2.014000000000000000e+03,3.000000000000000000e+00,9.465185271693599134e-01,5.348147283064005886e-02,3.623666553971527371e-02,1.724480729092478168e-02
2.014000000000000000e+03,4.000000000000000000e+00,8.894847457060776064e-01,1.105152542939223936e-01,2.996028811962042626e-02,8.055496617430196737e-02
2.014000000000000000e+03,5.000000000000000000e+00,8.645191157717070363e-01,1.354808842282929915e-01,3.162074439959385030e-02,1.038601398286991412e-01
2.014000000000000000e+03,6.000000000000000000e+00,8.268336418161991164e-01,1.731663581838008836e-01,4.784592341089721756e-02,1.253204347729036661e-01
2.014000000000000000e+03,7.000000000000000000e+00,7.365337198000279084e-01,2.634662801999720361e-01,9.605594791285679279e-02,1.674103322871152433e-01
2.014000000000000000e+03,8.000000000000000000e+00,4.631734754711634983e-01,5.368265245288365017e-01,2.035454563818975826e-01,3.332810681469389191e-01
2.014000000000000000e+03,9.000000000000000000e+00,7.373740430785473698e-01,2.626259569214526857e-01,5.868288554341746788e-02,2.039430713780352178e-01
2.014000000000000000e+03,1.000000000000000000e+01,7.038217821841696864e-01,2.961782178158303691e-01,5.073017551823061355e-02,2.454480422975997556e-01
2.014000000000000000e+03,1.100000000000000000e+01,9.313665907955184231e-01,6.863340920448161853e-02,2.974731278998789252e-02,3.888609641449372600e-02
2.014000000000000000e+03,1.200000000000000000e+01,9.403859824860145711e-01,5.961401751398546361e-02,2.614002391355091381e-02,3.347399360043454980e-02
2.015000000000000000e+03,1.000000000000000000e+00,9.645953516380090242e-01,3.540464836199099657e-02,2.337940754660324319e-02,1.202524081538775338e-02
2.015000000000000000e+03,2.000000000000000000e+00,9.526466322164292011e-01,4.735336778357079890e-02,2.835146034412571250e-02,1.900190743944508640e-02
2.015000000000000000e+03,3.000000000000000000e+00,9.654332672183638664e-01,3.456673278163618218e-02,2.708202639914412263e-02,7.484706382492058684e-03
2.015000000000000000e+03,4.000000000000000000e+00,9.209072135461922048e-01,7.909278645380783679e-02,2.741912707250367814e-02,5.167365938130415864e-02
2.015000000000000000e+03,5.000000000000000000e+00,9.343114845423976522e-01,6.568851545760240329e-02,2.038949521605241955e-02,4.529902024154998375e-02
2.015000000000000000e+03,6.000000000000000000e+00,8.782159307775337931e-01,1.217840692224661653e-01,2.435726948017850890e-02,9.742679974228765638e-02
2.015000000000000000e+03,7.000000000000000000e+00,9.232743118963816498e-01,7.672568810361835023e-02,1.758014194436599564e-02,5.914554615925235459e-02
2.015000000000000000e+03,8.000000000000000000e+00,6.688897971642867590e-01,3.311102028357132410e-01,1.216491188623623487e-01,2.094610839733508922e-01
2.015000000000000000e+03,9.000000000000000000e+00,8.523208263795414297e-01,1.476791736204585703e-01,1.635420173205870409e-02,1.313249718883998662e-01
2.015000000000000000e+03,1.000000000000000000e+01,8.023237936945432081e-01,1.976762063054567642e-01,2.839709725299388587e-02,1.692791090524628783e-01
2.015000000000000000e+03,1.100000000000000000e+01,9.152115072197568590e-01,8.478849278024311320e-02,3.411727349912496016e-02,5.067121928111815304e-02
2.015000000000000000e+03,1.200000000000000000e+01,9.371410440298588718e-01,6.285895597014107272e-02,2.417211646156655624e-02,3.868683950857451648e-02
2.016000000000000000e+03,1.000000000000000000e+00,9.444230811365497136e-01,5.557691886345028642e-02,3.331025901215656226e-02,2.226665985129372069e-02
2.016000000000000000e+03,2.000000000000000000e+00,9.531050063925168292e-01,4.689499360748312223e-02,2.412375767264667362e-02,2.277123593483644862e-02
2.016000000000000000e+03,3.000000000000000000e+00,9.206288917398371963e-01,7.937110826016284537e-02,3.847772157577446922e-02,4.089338668438837615e-02
2.016000000000000000e+03,4.000000000000000000e+00,8.707155607885564974e-01,1.292844392114435026e-01,3.151043215780184592e-02,9.777400705364165667e-02
2.016000000000000000e+03,5.000000000000000000e+00,6.607390667521396699e-01,3.392609332478603301e-01,1.008598630096349535e-01,2.384010702382253766e-01
2.016000000000000000e+03,6.000000000000000000e+00,6.541457411079926176e-01,3.458542588920073824e-01,1.078038808740227894e-01,2.380503780179845930e-01
2.016000000000000000e+03,7.000000000000000000e+00,6.395388718114147775e-01,3.604611281885851670e-01,1.257581220605123729e-01,2.347030061280727942e-01
2.016000000000000000e+03,8.000000000000000000e+00,6.199922188681767921e-01,3.800077811318232635e-01,1.318834277978527258e-01,2.481243533339705376e-01
2.016000000000000000e+03,9.000000000000000000e+00,6.664566463744245883e-01,3.335433536255754672e-01,8.913242635213008969e-02,2.444109272734453775e-01
2.016000000000000000e+03,1.000000000000000000e+01,8.143660682215729807e-01,1.856339317784270193e-01,3.828697331627428646e-02,1.473469584621527328e-01
2.016000000000000000e+03,1.100000000000000000e+01,7.543261507402865274e-01,2.456738492597134171e-01,6.824324068912929198e-02,1.774306085705841252e-01
2.016000000000000000e+03,1.200000000000000000e+01,9.444331782742126924e-01,5.556682172578727985e-02,2.730323631079648733e-02,2.826358541499079252e-02
2.017000000000000000e+03,1.000000000000000000e+00,9.539089927504911248e-01,4.609100724950884742e-02,3.777504223595177374e-02,8.315965013557073682e-03
2.017000000000000000e+03,2.000000000000000000e+00,9.544296420414054571e-01,4.557035795859452204e-02,3.182100350777254671e-02,1.374935445082197880e-02
2.017000000000000000e+03,3.000000000000000000e+00,9.554937944061193678e-01,4.450620559388059755e-02,2.903470795847191976e-02,1.547149763540867952e-02
2.017000000000000000e+03,4.000000000000000000e+00,8.829700113645725379e-01,1.170299886354274482e-01,3.288034059370445461e-02,8.414964804172299362e-02
2.017000000000000000e+03,5.000000000000000000e+00,9.190425002538196164e-01,8.095749974618034195e-02,3.166361917272039056e-02,4.929388057345995139e-02
2.017000000000000000e+03,6.000000000000000000e+00,8.983892376679433189e-01,1.016107623320566672e-01,1.918704530208222014e-02,8.242371702997444705e-02
2.017000000000000000e+03,7.000000000000000000e+00,3.943861433507427350e-01,6.056138566492572650e-01,3.116917547321001458e-01,2.939221019171571192e-01
2.017000000000000000e+03,8.000000000000000000e+00,6.641358399599099904e-01,3.358641600400900096e-01,1.350841869918124882e-01,2.007799730482775213e-01
2.017000000000000000e+03,9.000000000000000000e+00,5.149423827208639004e-01,4.850576172791360441e-01,1.456643542995091356e-01,3.393932629796269085e-01
2.017000000000000000e+03,1.000000000000000000e+01,8.396578317272884728e-01,1.603421682727114717e-01,2.526503908484137306e-02,1.350771291878700986e-01
2.017000000000000000e+03,1.100000000000000000e+01,8.832648222476379152e-01,1.167351777523620987e-01,3.904854913589402010e-02,7.768662861646807860e-02
2.017000000000000000e+03,1.200000000000000000e+01,9.561412180510027170e-01,4.385878194899733851e-02,2.895241133088677365e-02,1.490637061811056312e-02
2.018000000000000000e+03,1.000000000000000000e+00,9.529614382667810357e-01,4.703856173321901285e-02,2.583886708903111729e-02,2.119969464418789556e-02
2.018000000000000000e+03,2.000000000000000000e+00,9.630500302505405896e-01,3.694996974945942425e-02,3.099112883342092228e-02,5.958840916038501967e-03
2.018000000000000000e+03,3.000000000000000000e+00,9.399419486194291462e-01,6.005805138057083992e-02,2.442604603791175000e-02,3.563200534265908992e-02
2.018000000000000000e+03,4.000000000000000000e+00,9.230364999401449166e-01,7.696350005985508336e-02,3.794610202131266236e-02,3.901739803854242100e-02
2.018000000000000000e+03,5.000000000000000000e+00,8.782194539163266089e-01,1.217805460836733356e-01,2.773442209408871761e-02,9.404612398958461794e-02
2.018000000000000000e+03,6.000000000000000000e+00,8.188312732144903405e-01,1.811687267855096595e-01,6.177915526175292715e-02,1.193895715237567323e-01
2.018000000000000000e+03,7.000000000000000000e+00,7.615631030145164626e-01,2.384368969854835929e-01,8.847357272095360270e-02,1.499633242645299902e-01
2.018000000000000000e+03,8.000000000000000000e+00,7.091193328103833071e-01,2.908806671896166929e-01,9.248093194538309358e-02,1.983997352442335993e-01
2.018000000000000000e+03,9.000000000000000000e+00,7.128168043959336453e-01,2.871831956040663547e-01,1.031395933386122232e-01,1.840436022654541315e-01
2.018000000000000000e+03,1.000000000000000000e+01,8.722063005026218230e-01,1.277936994973781770e-01,3.964173628559691798e-02,8.815196321178125904e-02
2.018000000000000000e+03,1.100000000000000000e+01,9.347262258894435405e-01,6.527377411055641787e-02,2.961129113477509178e-02,3.566248297578132609e-02
2.018000000000000000e+03,1.200000000000000000e+01,9.505853273867309605e-01,4.941467261326903254e-02,2.767075756978783566e-02,2.174391504348119689e-02
2.019000000000000000e+03,1.000000000000000000e+00,9.333057074672606035e-01,6.669429253273934100e-02,3.171417777812995942e-02,3.498011475460938158e-02
2.019000000000000000e+03,2.000000000000000000e+00,9.452297453337106248e-01,5.477025466628935441e-02,2.885132826735706604e-02,2.591892639893228836e-02
2.019000000000000000e+03,3.000000000000000000e+00,9.287003602592427409e-01,7.129963974075724520e-02,3.030951384909554708e-02,4.099012589166169812e-02
2.019000000000000000e+03,4.000000000000000000e+00,9.265398551966941287e-01,7.346014480330581575e-02,3.224201551409724975e-02,4.121812928920856600e-02
2.019000000000000000e+03,5.000000000000000000e+00,8.982516069966306471e-01,1.017483930033693390e-01,2.801844240279735554e-02,7.372995060057198347e-02
2.019000000000000000e+03,6.000000000000000000e+00,8.918892309207299141e-01,1.081107690792700443e-01,2.058089432000934083e-02,8.752987475926070349e-02
2.019000000000000000e+03,7.000000000000000000e+00,8.322796939127846683e-01,1.677203060872153317e-01,6.018774957723581343e-02,1.075325565099795183e-01
2.019000000000000000e+03,8.000000000000000000e+00,4.077057157785565211e-01,5.922942842214434789e-01,2.159821057410893363e-01,3.763121784803541425e-01
